[36.83.204.26, 2015-11-30 23:46:53, 2015-11-30 23:51:23, dharma:2015-11-30 23:46:53,dharma:2015-11-30 23:47:25,dharma:2015-11-30 23:49:08,dharma:2015-11-30 23:51:23]
[90.229.235.167, 2015-11-30 23:25:36, 2015-11-30 23:52:10, yodag566:2015-11-30 23:25:36,yodag566:2015-11-30 23:52:10]
[188.250.12.240, 2015-11-30 23:23:50, 2015-11-30 23:24:24, XxDarDoAzuLxX:2015-11-30 23:23:50,XxDarDoAzuLxX:2015-11-30 23:24:24]
[191.53.237.240, 2015-11-30 23:42:04, 2015-11-30 23:45:49, nulledteste:2015-11-30 23:42:04,nulledteste2:2015-11-30 23:44:21,cobaia001:2015-11-30 23:45:49]
[92.90.26.121, 2015-11-30 23:57:43, 2015-12-01 00:05:43, thebigplanet:2015-11-30 23:57:43,moneygibeht:2015-12-01 00:01:20,thebigmother:2015-12-01 00:02:04,thebigplanet:2015-12-01 00:02:33,thebigfather:2015-12-01 00:02:59,lancelotpp:2015-12-01 00:03:51,lancelotpp:2015-12-01 00:03:57,lancelotpp01:2015-12-01 00:04:18,thebigmother:2015-12-01 00:05:43]
[68.47.18.192, 2015-11-30 23:23:39, 2015-11-30 23:23:45, csgopanic:2015-11-30 23:23:39,csgopanic:2015-11-30 23:23:45]
[46.251.34.103, 2015-12-01 00:10:50, 2015-12-01 00:11:11, thedalking:2015-12-01 00:10:50,thedalking:2015-12-01 00:11:11]
[42.112.104.126, 2015-12-01 12:10:10, 2015-12-01 12:11:38, lose:2015-12-01 12:10:10,sosorry:2015-12-01 12:10:44,macbook:2015-12-01 12:11:38]
[94.254.198.11, 2015-11-30 23:17:07, 2015-11-30 23:17:38, Wiola19:2015-11-30 23:17:07,Wiola193:2015-11-30 23:17:25,Wiola193:2015-11-30 23:17:38]
[23.27.250.249, 2015-11-30 23:12:31, 2015-11-30 23:28:41, steak123:2015-11-30 23:12:31,commonman1:2015-11-30 23:21:04,nango12345:2015-11-30 23:21:49,nango12345:2015-11-30 23:21:55,nango12345:2015-11-30 23:22:00,nango12345:2015-11-30 23:22:05,bjbjbj:2015-11-30 23:23:14,bjbjbj:2015-11-30 23:23:19,bjbjbj:2015-11-30 23:23:23,bjbjbj:2015-11-30 23:23:31,bjbjbj:2015-11-30 23:23:35,bjbjbj:2015-11-30 23:23:38,Lulululululu:2015-11-30 23:24:11,Lulululululu:2015-11-30 23:24:17,Lulululululu:2015-11-30 23:24:20,Pete333:2015-11-30 23:24:40,Pete333:2015-11-30 23:24:48,Pete333:2015-11-30 23:24:51,Pete333:2015-11-30 23:24:55,zxzxzx:2015-11-30 23:25:08,zxzxzx:2015-11-30 23:25:12,zxzxzx:2015-11-30 23:25:16,zxzxzx:2015-11-30 23:25:19,lamsi1994:2015-11-30 23:25:27,lamsi1994:2015-11-30 23:25:33,lamsi1994:2015-11-30 23:25:37,lamsi1994:2015-11-30 23:25:40,lolbg123:2015-11-30 23:25:47,lolbg123:2015-11-30 23:25:51,lolbg123:2015-11-30 23:25:54,lolbg123:2015-11-30 23:25:57,Adrian1326:2015-11-30 23:26:08,Adrian1326:2015-11-30 23:26:12,Adrian1326:2015-11-30 23:26:16,thuanhieu159:2015-11-30 23:26:38,thuanhieu159:2015-11-30 23:26:43,thuanhieu159:2015-11-30 23:26:46,adv:2015-11-30 23:27:23,adv:2015-11-30 23:27:27,adv:2015-11-30 23:27:32,elite90:2015-11-30 23:28:00,elite90:2015-11-30 23:28:04,elite90:2015-11-30 23:28:08,elite90:2015-11-30 23:28:12,bluetazy:2015-11-30 23:28:31,bluetazy:2015-11-30 23:28:34,bluetazy:2015-11-30 23:28:38,bluetazy:2015-11-30 23:28:41]
[2.222.21.100, 2015-11-30 23:43:25, 2015-12-01 00:09:04, Amylou78:2015-11-30 23:43:25,Amylou78:2015-11-30 23:49:04,Amylou78:2015-11-30 23:49:57,Amylou78:2015-12-01 00:09:04]
[184.159.128.66, 2015-11-30 23:48:05, 2015-11-30 23:48:19, KekTheCriminal:2015-11-30 23:48:05,KekTheCriminal:2015-11-30 23:48:19]
[36.84.0.199, 2015-11-30 23:16:32, 2015-11-30 23:41:31, redbefore:2015-11-30 23:16:32,redbefore:2015-11-30 23:19:19,redbefore1:2015-11-30 23:41:31]
[177.35.223.205, 2015-11-30 23:38:14, 2015-11-30 23:40:34, jaum1111:2015-11-30 23:38:14,jaum1111:2015-11-30 23:38:23,jaum1212:2015-11-30 23:38:30,jaum1111:2015-11-30 23:40:34]
[188.210.104.205, 2015-12-01 00:05:29, 2015-12-01 00:07:04, miladsamie:2015-12-01 00:05:29,miladsamie:2015-12-01 00:07:04]
[39.7.54.157, 2015-12-01 12:10:23, 2015-12-01 12:10:35, lappy013:2015-12-01 12:10:23,lappy013:2015-12-01 12:10:35]
[116.14.100.103, 2015-12-01 12:07:17, 2015-12-01 12:08:09, hahahasd:2015-12-01 12:07:17,hahahasd:2015-12-01 12:08:09]
[181.166.49.175, 2015-12-01 00:00:58, 2015-12-01 00:01:08, Meisn:2015-12-01 00:00:58,Meisn:2015-12-01 00:01:08]
[185.112.157.215, 2015-11-30 23:16:42, 2015-11-30 23:37:59, lancelotpp01:2015-11-30 23:16:42,lancelotpp01:2015-11-30 23:37:59]
[81.37.163.79, 2015-11-30 23:20:01, 2015-11-30 23:21:42, 420blunt:2015-11-30 23:20:01,PokemonYT:2015-11-30 23:21:42]
[213.241.63.240, 2015-12-01 12:02:52, 2015-12-01 12:03:00, damian2603:2015-12-01 12:02:52,damian2603:2015-12-01 12:03:00]
[212.101.51.184, 2015-11-30 23:33:25, 2015-11-30 23:33:35, hom3er:2015-11-30 23:33:25,hom3er:2015-11-30 23:33:35]
[2.49.151.38, 2015-11-30 23:58:27, 2015-12-01 00:05:32, zackdzz:2015-11-30 23:58:27,shattered123:2015-12-01 00:05:32]
[195.142.224.210, 2015-11-30 23:41:45, 2015-11-30 23:45:54, bycollego:2015-11-30 23:41:45,iboc31:2015-11-30 23:42:33,sago50:2015-11-30 23:43:11,saraco:2015-11-30 23:45:20,sagolera:2015-11-30 23:45:54]
[179.197.112.175, 2015-11-30 23:44:57, 2015-11-30 23:50:20, ciriaco96:2015-11-30 23:44:57,ciriaco96:2015-11-30 23:45:12,nalva123:2015-11-30 23:47:23,nalva12:2015-11-30 23:48:21,luanblackk21:2015-11-30 23:49:04,ciriaco94:2015-11-30 23:49:28,luanqueiroz95:2015-11-30 23:50:20]
[31.42.117.71, 2015-12-01 12:01:17, 2015-12-01 12:01:31, keltuz:2015-12-01 12:01:17,keltuz:2015-12-01 12:01:31]
[84.193.86.73, 2015-12-01 00:08:45, 2015-12-01 00:09:20, riz:2015-12-01 00:08:45,riz:2015-12-01 00:09:20]
[79.157.220.139, 2015-11-30 23:20:38, 2015-11-30 23:32:03, AbueloEmpalmado:2015-11-30 23:20:38,opscurio:2015-11-30 23:22:31,opscurio:2015-11-30 23:29:53,opscurio:2015-11-30 23:32:03]
[118.71.153.23, 2015-11-30 23:43:06, 2015-11-30 23:45:20, keykenvin:2015-11-30 23:43:06,keykenvin:2015-11-30 23:43:16,keykenvinkk:2015-11-30 23:45:20]
[14.52.143.222, 2015-12-01 12:01:09, 2015-12-01 12:06:03, g8zx:2015-12-01 12:01:09,g8x:2015-12-01 12:05:57,g8x:2015-12-01 12:06:03]
[200.203.79.226, 2015-12-01 00:03:17, 2015-12-01 00:05:37, levi123:2015-12-01 00:03:17,levis:2015-12-01 00:03:40,SKRlevi:2015-12-01 00:04:59,levi12:2015-12-01 00:05:37]
[75.132.224.235, 2015-11-30 23:45:51, 2015-12-01 00:03:25, hassan100:2015-11-30 23:45:51,ahmada:2015-11-30 23:52:53,kareem504:2015-12-01 00:02:02,kareem222:2015-12-01 00:02:53,ahmada:2015-12-01 00:03:25]
[46.233.31.5, 2015-11-30 23:41:01, 2015-11-30 23:41:10, nikos9999:2015-11-30 23:41:01,nikos9999:2015-11-30 23:41:10]
[89.245.249.24, 2015-11-30 23:14:17, 2015-11-30 23:15:44, TobiNator2:2015-11-30 23:14:17,TobiNator:2015-11-30 23:14:50,TobiNator2:2015-11-30 23:15:34,TobiNator2:2015-11-30 23:15:44]
[77.92.76.250, 2015-11-30 23:35:30, 2015-11-30 23:44:05, TheRealJJ:2015-11-30 23:35:30,TheRealJJ:2015-11-30 23:44:05]
[101.99.53.179, 2015-12-01 12:00:12, 2015-12-01 12:00:57, acphu1:2015-12-01 12:00:12,acphu2:2015-12-01 12:00:57]
[87.54.190.189, 2015-11-30 23:21:23, 2015-11-30 23:21:50, MattyTheGamerDK:2015-11-30 23:21:23,MattyTheGamerDK:2015-11-30 23:21:50]
[86.11.22.69, 2015-11-30 23:45:17, 2015-11-30 23:45:28, squib03:2015-11-30 23:45:17,squib03:2015-11-30 23:45:28]
[39.42.91.242, 2015-11-30 23:50:37, 2015-11-30 23:52:29, hubbak:2015-11-30 23:50:37,hubbak:2015-11-30 23:52:29]
[101.100.142.55, 2015-11-30 23:51:58, 2015-11-30 23:52:21, Malivis:2015-11-30 23:51:58,Malivis:2015-11-30 23:52:21]
[116.104.116.42, 2015-11-30 23:19:09, 2015-11-30 23:31:16, khuongz2:2015-11-30 23:19:09,khuongz3:2015-11-30 23:19:44,khuongz4:2015-11-30 23:20:13,khuongzz:2015-11-30 23:20:54,khuongz:2015-11-30 23:22:17,zkhuongz1:2015-11-30 23:23:05,zkhuongz1:2015-11-30 23:23:44,trollorafk3:2015-11-30 23:24:10,khuongzz:2015-11-30 23:24:27,khuongz:2015-11-30 23:25:24,khuongdz2:2015-11-30 23:25:46,khuongdz3:2015-11-30 23:26:39,khuongdz4:2015-11-30 23:26:58,taolak1:2015-11-30 23:27:30,taolak2:2015-11-30 23:27:51,taolak3:2015-11-30 23:28:15,khuongzz1:2015-11-30 23:30:43,khuongzz:2015-11-30 23:31:16]
[212.233.201.29, 2015-11-30 23:20:18, 2015-11-30 23:49:51, SilverTn:2015-11-30 23:20:18,SilverTn:2015-11-30 23:49:51]
[189.48.41.119, 2015-11-30 23:40:16, 2015-11-30 23:51:56, Artnoc:2015-11-30 23:40:16,Artnoc:2015-11-30 23:51:56]
[115.66.176.187, 2015-12-01 12:09:29, 2015-12-01 12:10:30, bastardsia:2015-12-01 12:09:29,bastardsia:2015-12-01 12:10:30]
[178.68.1.82, 2015-11-30 23:46:58, 2015-11-30 23:47:06, sava39:2015-11-30 23:46:58,sava39:2015-11-30 23:47:06]
[77.119.128.252, 2015-12-01 12:03:33, 2015-12-01 12:03:54, iamPsyclaw:2015-12-01 12:03:33,iamPsyclaw:2015-12-01 12:03:45,iamPsyclaw:2015-12-01 12:03:54]
[117.4.195.119, 2015-12-01 00:05:47, 2015-12-01 00:05:52, steak123:2015-12-01 00:05:47,steak123:2015-12-01 00:05:52]
